"ID","Pred"
"2021_1101_1104",0.174122505161734
"2021_1101_1111",0.863041982105988
"2021_1101_1116",0.158063776095435
"2021_1101_1124",0.0991052993805919
"2021_1101_1140",0.239963294333563
"2021_1101_1155",0.384033035099794
"2021_1101_1156",0.885065381968341
"2021_1101_1159",0.141316815783437
"2021_1101_1160",0.285386556549667
"2021_1101_1163",0.250286763019041
"2021_1101_1166",0.245927965129617
"2021_1101_1179",0.387703601743519
"2021_1101_1180",0.747877953659096
"2021_1101_1186",0.500344115622849
"2021_1101_1196",0.289515944023859
"2021_1101_1199",0.243863271392521
"2021_1101_1207",0.470061940812113
"2021_1101_1210",0.364533149805001
"2021_1101_1211",0.0490938288598302
"2021_1101_1213",0.642349162651984
"2021_1101_1216",0.841018582243634
"2021_1101_1222",0.28401009405827
"2021_1101_1228",0.092681807754072
"2021_1101_1233",0.792842395044735
"2021_1101_1234",0.151640284468915
"2021_1101_1242",0.239504473503097
"2021_1101_1251",0.667584308327598
"2021_1101_1260",0.225969259004359
"2021_1101_1261",0.266345492085341
"2021_1101_1268",0.391603578802478
"2021_1101_1276",0.144987382427162
"2021_1101_1277",0.530626290433586
"2021_1101_1281",0.395732966276669
"2021_1101_1287",0.766460197292957
"2021_1101_1291",0.852259692590044
"2021_1101_1313",0.877265427850424
"2021_1101_1314",0.267263133746272
"2021_1101_1317",0.521908694654737
"2021_1101_1325",0.557008488185364
"2021_1101_1326",0.205781142463868
"2021_1101_1328",0.320715760495526
"2021_1101_1329",0.321403991741225
"2021_1101_1331",0.733195687084194
"2021_1101_1332",0.367286074787795
"2021_1101_1333",0.584767148428539
"2021_1101_1345",0.27598072952512
"2021_1101_1353",0.389768295480615
"2021_1101_1361",0.199357650837348
"2021_1101_1364",0.638449185593026
"2021_1101_1382",0.237898600596467
"2021_1101_1393",0.377838953888507
"2021_1101_1397",0.221151640284469
"2021_1101_1400",0.235604496444139
"2021_1101_1403",0.221151640284469
"2021_1101_1411",0.918329892177105
"2021_1101_1417",0.452397338839183
"2021_1101_1422",0.638908006423492
"2021_1101_1425",0.246845606790548
"2021_1101_1429",0.248222069281945
"2021_1101_1433",0.380133058040835
"2021_1101_1437",0.260151410874054
"2021_1101_1438",0.263821977517779
"2021_1101_1439",0.381738930947465
"2021_1101_1452",0.263592567102546
"2021_1101_1455",0.790777701307639
"2021_1101_1457",0.552879100711172
"2021_1101_1458",0.283551273227805
"2021_1104_1111",0.980270704289975
"2021_1104_1116",0.487955953200275
"2021_1104_1124",0.362239045652673
"2021_1104_1140",0.607019958706125
"2021_1104_1155",0.741683872447809
"2021_1104_1156",0.98554714384033
"2021_1104_1159",0.450791465932553
"2021_1104_1160",0.65565496673549
"2021_1104_1163",0.616196375315439
"2021_1104_1166",0.613214039917412
"2021_1104_1179",0.744895618261069
"2021_1104_1180",0.947465014911677
"2021_1104_1186",0.832300986464785
"2021_1104_1196",0.659325533379215
"2021_1104_1199",0.611837577426015
"2021_1104_1207",0.807295251204405
"2021_1104_1210",0.728607478779537
"2021_1104_1211",0.204404679972471
"2021_1104_1213",0.902729983941271
"2021_1104_1216",0.975453085570085
"2021_1104_1222",0.654507914659326
"2021_1104_1228",0.338380362468456
"2021_1104_1233",0.962606102317045
"2021_1104_1234",0.47304427621014
"2021_1104_1242",0.605872906629961
"2021_1104_1251",0.913282863041982
"2021_1104_1260",0.586143610919936
"2021_1104_1261",0.634549208534067
"2021_1104_1268",0.751319109887589
"2021_1104_1276",0.458820830465703
"2021_1104_1277",0.852259692590044
"2021_1104_1281",0.75705437026841
"2021_1104_1287",0.952741454462033
"2021_1104_1291",0.978894241798578
"2021_1104_1313",0.983711860518467
"2021_1104_1314",0.635466850194999
"2021_1104_1317",0.848359715531085
"2021_1104_1325",0.863730213351686
"2021_1104_1326",0.559302592337692
"2021_1104_1328",0.692360633172746
"2021_1104_1329",0.693737095664143
"2021_1104_1331",0.940582702454691
"2021_1104_1332",0.732048635008029
"2021_1104_1333",0.875659554943794
"2021_1104_1345",0.643725625143381
"2021_1104_1353",0.748566184904795
"2021_1104_1361",0.546685019499885
"2021_1104_1364",0.901124111034641
"2021_1104_1382",0.603578802477633
"2021_1104_1393",0.737554484973618
"2021_1104_1397",0.579720119293416
"2021_1104_1400",0.599678825418674
"2021_1104_1403",0.579949529708649
"2021_1104_1411",0.988988300068823
"2021_1104_1417",0.794218857536132
"2021_1104_1422",0.90181234228034
"2021_1104_1425",0.613672860747878
"2021_1104_1429",0.614131681578344
"2021_1104_1433",0.740307409956412
"2021_1104_1437",0.629731589814178
"2021_1104_1438",0.632943335627437
"2021_1104_1439",0.740536820371645
"2021_1104_1452",0.632943335627437
"2021_1104_1455",0.962376691901812
"2021_1104_1457",0.862353750860289
"2021_1104_1458",0.65404909382886
"2021_1111_1116",0.0302821748107364
"2021_1111_1124",0.0144528561596696
"2021_1111_1140",0.0511585225969259
"2021_1111_1155",0.0922229869236063
"2021_1111_1156",0.558155540261528
"2021_1111_1159",0.0259233769213122
"2021_1111_1160",0.0644643266804313
"2021_1111_1163",0.0534526267492544
"2021_1111_1166",0.052534985088323
"2021_1111_1179",0.0931406285845377
"2021_1111_1180",0.345721495755907
"2021_1111_1186",0.145905024088094
"2021_1111_1196",0.0651525579261299
"2021_1111_1199",0.0518467538426245
"2021_1111_1207",0.128928653360863
"2021_1111_1210",0.0848818536361551
"2021_1111_1211",0.00481761871988988
"2021_1111_1213",0.235145675613673
"2021_1111_1216",0.471208992888277
"2021_1111_1222",0.0642349162651984
"2021_1111_1228",0.0121587520073411
"2021_1111_1233",0.409956412021106
"2021_1111_1234",0.027758660243175
"2021_1111_1242",0.0504702913512273
"2021_1111_1251",0.254186740078
"2021_1111_1260",0.0465703142922689
"2021_1111_1261",0.0575820142234457
"2021_1111_1268",0.0961229639825648
"2021_1111_1276",0.0272998394127093
"2021_1111_1277",0.159899059417298
"2021_1111_1281",0.0979582473044276
"2021_1111_1287",0.373021335168617
"2021_1111_1291",0.490020646937371
"2021_1111_1313",0.541179169534297
"2021_1111_1314",0.0580408350539115
"2021_1111_1317",0.155769671943106
"2021_1111_1325",0.176416609314063
"2021_1111_1326",0.041752695572379
"2021_1111_1328",0.0731819224592797
"2021_1111_1329",0.0734113328745125
"2021_1111_1331",0.323698095893554
"2021_1111_1332",0.0862583161275522
"2021_1111_1333",0.194540032117458
"2021_1111_1345",0.0601055287910071
"2021_1111_1353",0.0945170910759349
"2021_1111_1361",0.040146822665749
"2021_1111_1364",0.232622161046111
"2021_1111_1382",0.0500114705207616
"2021_1111_1393",0.0903877036017435
"2021_1111_1397",0.0451938518008718
"2021_1111_1400",0.0490938288598302
"2021_1111_1403",0.0454232622161046
"2021_1111_1411",0.633402156457903
"2021_1111_1417",0.123193392980041
"2021_1111_1422",0.232851571461344
"2021_1111_1425",0.0527643955035559
"2021_1111_1429",0.0529938059187887
"2021_1111_1433",0.0908465244322092
"2021_1111_1437",0.0562055517320486
"2021_1111_1438",0.05712319339298
"2021_1111_1439",0.0913053452626749
"2021_1111_1452",0.0568937829777472
"2021_1111_1455",0.405827024546914
"2021_1111_1457",0.173893094746501
"2021_1111_1458",0.0637760954347327
"2021_1116_1124",0.387703601743519
"2021_1116_1140",0.632943335627437
"2021_1116_1155",0.762789630649231
"2021_1116_1156",0.986694195916495
"2021_1116_1159",0.475797201192934
"2021_1116_1160",0.682725395732966
"2021_1116_1163",0.64280798348245
"2021_1116_1166",0.639825648084423
"2021_1116_1179",0.764854324386327
"2021_1116_1180",0.952970864877265
"2021_1116_1186",0.849736178022482
"2021_1116_1196",0.685937141546226
"2021_1116_1199",0.638449185593026
"2021_1116_1207",0.825877494838266
"2021_1116_1210",0.747648543243863
"2021_1116_1211",0.2220692819454
"2021_1116_1213",0.913282863041982
"2021_1116_1216",0.978894241798578
"2021_1116_1222",0.681578343656802
"2021_1116_1228",0.367056664372563
"2021_1116_1233",0.967423721036935
"2021_1116_1234",0.495067676072494
"2021_1116_1242",0.629731589814178
"2021_1116_1251",0.924523973388392
"2021_1116_1260",0.611378756595549
"2021_1116_1261",0.659096122963983
"2021_1116_1268",0.770589584767148
"2021_1116_1276",0.483826565726084
"2021_1116_1277",0.863959623766919
"2021_1116_1281",0.773571920165176
"2021_1116_1287",0.959394356503785
"2021_1116_1291",0.980958935535673
"2021_1116_1313",0.98554714384033
"2021_1116_1314",0.660013764624914
"2021_1116_1317",0.859371415462262
"2021_1116_1325",0.873594861206699
"2021_1116_1326",0.58407891718284
"2021_1116_1328",0.715072264280798
"2021_1116_1329",0.716907547602661
"2021_1116_1331",0.948612066987841
"2021_1116_1332",0.749254416150493
"2021_1116_1333",0.888047717366368
"2021_1116_1345",0.670107822895159
"2021_1116_1353",0.767377838953889
"2021_1116_1361",0.572608396421198
"2021_1116_1364",0.912365221381051
"2021_1116_1382",0.627896306492315
"2021_1116_1393",0.75705437026841
"2021_1116_1397",0.606102317045194
"2021_1116_1400",0.624913971094288
"2021_1116_1403",0.60656113787566
"2021_1116_1411",0.991052993805919
"2021_1116_1417",0.81417756366139
"2021_1116_1422",0.912365221381051
"2021_1116_1425",0.640284468914889
"2021_1116_1429",0.640972700160587
"2021_1116_1433",0.759577884835972
"2021_1116_1437",0.654737325074558
"2021_1116_1438",0.657949070887818
"2021_1116_1439",0.76026611608167
"2021_1116_1452",0.657490250057353
"2021_1116_1455",0.966276668960771
"2021_1116_1457",0.873365450791466
"2021_1116_1458",0.680660701995871
"2021_1124_1140",0.752007341133287
"2021_1124_1155",0.852259692590044
"2021_1124_1156",0.99197063546685
"2021_1124_1159",0.607708189951824
"2021_1124_1160",0.784124799265887
"2021_1124_1163",0.761183757742601
"2021_1124_1166",0.759119064005506
"2021_1124_1179",0.853177334250975
"2021_1124_1180",0.978894241798578
"2021_1124_1186",0.910988758889654
"2021_1124_1196",0.787107134663914
"2021_1124_1199",0.757972011929342
"2021_1124_1207",0.896306492314751
"2021_1124_1210",0.842624455150264
"2021_1124_1211",0.343197981188346
"2021_1124_1213",0.957100252351457
"2021_1124_1216",0.988988300068823
"2021_1124_1222",0.783207157604955
"2021_1124_1228",0.490938288598302
"2021_1124_1233",0.98554714384033
"2021_1124_1234",0.628584537738013
"2021_1124_1242",0.749942647396192
"2021_1124_1251",0.962606102317045
"2021_1124_1260",0.737783895388851
"2021_1124_1261",0.772654278504244
"2021_1124_1268",0.856847900894701
"2021_1124_1276",0.614131681578344
"2021_1124_1277",0.924294562973159
"2021_1124_1281",0.860059646707961
"2021_1124_1287",0.981647166781372
"2021_1124_1291",0.989905941729755
"2021_1124_1313",0.991511814636384
"2021_1124_1314",0.77311309933471
"2021_1124_1317",0.919018123422803
"2021_1124_1325",0.934159210828172
"2021_1124_1326",0.715531085111264
"2021_1124_1328",0.810506997017665
"2021_1124_1329",0.812342280339527
"2021_1124_1331",0.976829548061482
"2021_1124_1332",0.844689148887359
"2021_1124_1333",0.94127093370039
"2021_1124_1345",0.778618949300298
"2021_1124_1353",0.855012617572838
"2021_1124_1361",0.706813489332416
"2021_1124_1364",0.955264969029594
"2021_1124_1382",0.749254416150493
"2021_1124_1393",0.849277357192016
"2021_1124_1397",0.733195687084194
"2021_1124_1400",0.745813259922
"2021_1124_1403",0.733425097499427
"2021_1124_1411",0.99518238128011
"2021_1124_1417",0.888047717366368
"2021_1124_1422",0.955494379444827
"2021_1124_1425",0.759348474420739
"2021_1124_1429",0.759807295251204
"2021_1124_1433",0.849736178022482
"2021_1124_1437",0.769442532690984
"2021_1124_1438",0.771966047258546
"2021_1124_1439",0.850424409268181
"2021_1124_1452",0.771736636843313
"2021_1124_1455",0.98554714384033
"2021_1124_1457",0.933012158752007
"2021_1124_1458",0.782977747189722
"2021_1140_1155",0.656343197981188
"2021_1140_1156",0.974535443909153
"2021_1140_1159",0.363386097728837
"2021_1140_1160",0.559532002752925
"2021_1140_1163",0.52053223216334
"2021_1140_1166",0.517779307180546
"2021_1140_1179",0.660243175040147
"2021_1140_1180",0.912594631796284
"2021_1140_1186",0.766460197292957
"2021_1140_1196",0.562743748566185
"2021_1140_1199",0.516173434273916
"2021_1140_1207",0.740536820371645
"2021_1140_1210",0.638678596008259
"2021_1140_1211",0.147281486579491
"2021_1140_1213",0.857765542555632
"2021_1140_1216",0.954806148199128
"2021_1140_1222",0.558614361091994
"2021_1140_1228",0.247533838036247
"2021_1140_1233",0.938518008717596
"2021_1140_1234",0.384721266345492
"2021_1140_1242",0.50929112181693
"2021_1140_1251",0.869465473732507
"2021_1140_1260",0.491626519844001
"2021_1140_1261",0.53659096122964
"2021_1140_1268",0.670107822895159
"2021_1140_1276",0.371415462261987
"2021_1140_1277",0.785271851342051
"2021_1140_1281",0.676990135352145
"2021_1140_1287",0.922459279651296
"2021_1140_1291",0.960770818995182
"2021_1140_1313",0.972011929341592
"2021_1140_1314",0.537967423721037
"2021_1140_1317",0.779995411791695
"2021_1140_1325",0.802018811654049
"2021_1140_1326",0.465932553337922
"2021_1140_1328",0.596467079605414
"2021_1140_1329",0.598072952512044
"2021_1140_1331",0.903188804771737
"2021_1140_1332",0.640972700160587
"2021_1140_1333",0.822665749025006
"2021_1140_1345",0.545308557008488
"2021_1140_1353",0.665060793760037
"2021_1140_1361",0.454920853406745
"2021_1140_1364",0.856159669649002
"2021_1140_1382",0.506997017664602
"2021_1140_1393",0.649690295939436
"2021_1140_1397",0.486350080293645
"2021_1140_1400",0.502179398944712
"2021_1140_1403",0.486579490708878
"2021_1140_1411",0.983253039688002
"2021_1140_1417",0.728607478779537
"2021_1140_1422",0.856159669649002
"2021_1140_1425",0.518008717595779
"2021_1140_1429",0.51892635925671
"2021_1140_1433",0.652213810506997
"2021_1140_1437",0.532461573755448
"2021_1140_1438",0.535673319568708
"2021_1140_1439",0.65404909382886
"2021_1140_1452",0.53498508832301
"2021_1140_1455",0.937370956641432
"2021_1140_1457",0.799495297086488
"2021_1140_1458",0.557467309015829
"2021_1155_1156",0.940582702454691
"2021_1155_1159",0.226198669419592
"2021_1155_1160",0.417297545308557
"2021_1155_1163",0.386556549667355
"2021_1155_1166",0.383115393438862
"2021_1155_1179",0.515944023858683
"2021_1155_1180",0.846295021793989
"2021_1155_1186",0.63959623766919
"2021_1155_1196",0.42073870153705
"2021_1155_1199",0.381968341362698
"2021_1155_1207",0.606102317045194
"2021_1155_1210",0.493002982335398
"2021_1155_1211",0.0871759577884836
"2021_1155_1213",0.764166093140629
"2021_1155_1216",0.906629961000229
"2021_1155_1222",0.41592108281716
"2021_1155_1228",0.151410874053682
"2021_1155_1233",0.876347786189493
"2021_1155_1234",0.240651525579261
"2021_1155_1242",0.373480155999082
"2021_1155_1251",0.779077770130764
"2021_1155_1260",0.35558614361092
"2021_1155_1261",0.396880018352833
"2021_1155_1268",0.521908694654737
"2021_1155_1276",0.231475108969947
"2021_1155_1277",0.672172516632255
"2021_1155_1281",0.527643955035559
"2021_1155_1287",0.856618490479468
"2021_1155_1291",0.914659325533379
"2021_1155_1313",0.936682725395733
"2021_1155_1314",0.398027070428997
"2021_1155_1317",0.660013764624914
"2021_1155_1325",0.694195916494609
"2021_1155_1326",0.325762789630649
"2021_1155_1328",0.452397338839183
"2021_1155_1329",0.45377380133058
"2021_1155_1331",0.830006882312457
"2021_1155_1332",0.493691213581097
"2021_1155_1333",0.719431062170223
"2021_1155_1345",0.406974076623079
"2021_1155_1353",0.51892635925671
"2021_1155_1361",0.31452167928424
"2021_1155_1364",0.760724936912136
"2021_1155_1382",0.372562514338151
"2021_1155_1393",0.502408809359945
"2021_1155_1397",0.34755677907777
"2021_1155_1400",0.36843312686396
"2021_1155_1403",0.3491626519844
"2021_1155_1411",0.960770818995182
"2021_1155_1417",0.587978894241799
"2021_1155_1422",0.761183757742601
"2021_1155_1425",0.383574214269328
"2021_1155_1429",0.384721266345492
"2021_1155_1433",0.506308786418903
"2021_1155_1437",0.393668272539573
"2021_1155_1438",0.395732966276669
"2021_1155_1439",0.508373480155999
"2021_1155_1452",0.395503555861436
"2021_1155_1455",0.873594861206699
"2021_1155_1457",0.691213581096582
"2021_1155_1458",0.415462261986694
"2021_1156_1159",0.0194998852947924
"2021_1156_1160",0.0516173434273916
"2021_1156_1163",0.0433585684790089
"2021_1156_1166",0.0426703372333104
"2021_1156_1179",0.0777701307639367
"2021_1156_1180",0.298921771048406
"2021_1156_1186",0.124340445056206
"2021_1156_1196",0.0520761642578573
"2021_1156_1199",0.0424409268180775
"2021_1156_1207",0.10942876806607
"2021_1156_1210",0.0718054599678825
"2021_1156_1211",0.00412938747419133
"2021_1156_1213",0.200275292498279
"2021_1156_1216",0.423721036935077
"2021_1156_1222",0.0511585225969259
"2021_1156_1228",0.00940582702454692
"2021_1156_1233",0.369350768524891
"2021_1156_1234",0.0213351686166552
"2021_1156_1242",0.0415232851571461
"2021_1156_1251",0.21725166322551
"2021_1156_1260",0.0389997705895848
"2021_1156_1261",0.0465703142922689
"2021_1156_1268",0.0805230557467309
"2021_1156_1276",0.0194998852947924
"2021_1156_1277",0.138105069970177
"2021_1156_1281",0.081899518238128
"2021_1156_1287",0.321403991741225
"2021_1156_1291",0.444597384721266
"2021_1156_1313",0.496214728148658
"2021_1156_1314",0.0472585455379674
"2021_1156_1317",0.133058040835054
"2021_1156_1325",0.149805001147052
"2021_1156_1326",0.0350997935306263
"2021_1156_1328",0.06033493920624
"2021_1156_1329",0.0607937600367057
"2021_1156_1331",0.27919247533838
"2021_1156_1332",0.0722642807983482
"2021_1156_1333",0.164257857306722
"2021_1156_1345",0.0490938288598302
"2021_1156_1353",0.0786877724248681
"2021_1156_1361",0.0337233310392292
"2021_1156_1364",0.198210598761184
"2021_1156_1382",0.0415232851571461
"2021_1156_1393",0.0745583849506768
"2021_1156_1397",0.0378527185134205
"2021_1156_1400",0.040146822665749
"2021_1156_1403",0.0378527185134205
"2021_1156_1411",0.586143610919936
"2021_1156_1417",0.102775866024317
"2021_1156_1422",0.198669419591649
"2021_1156_1425",0.0431291580637761
"2021_1156_1429",0.0431291580637761
"2021_1156_1433",0.075705437026841
"2021_1156_1437",0.0461114934618032
"2021_1156_1438",0.046340903877036
"2021_1156_1439",0.0763936682725396
"2021_1156_1452",0.046340903877036
"2021_1156_1455",0.363844918559303
"2021_1156_1457",0.148428538655655
"2021_1156_1458",0.0511585225969259
"2021_1159_1160",0.715072264280798
"2021_1159_1163",0.680660701995871
"2021_1159_1166",0.677219545767378
"2021_1159_1179",0.787107134663914
"2021_1159_1180",0.962147281486579
"2021_1159_1186",0.866253727919247
"2021_1159_1196",0.718054599678825
"2021_1159_1199",0.676301904106446
"2021_1159_1207",0.850424409268181
"2021_1159_1210",0.773801330580408
"2021_1159_1211",0.25097499426474
"2021_1159_1213",0.929341592108282
"2021_1159_1216",0.982794218857536
"2021_1159_1222",0.714842853865565
"2021_1159_1228",0.397109428768066
"2021_1159_1233",0.975223675154852
"2021_1159_1234",0.530396880018353
"2021_1159_1242",0.667584308327598
"2021_1159_1251",0.937370956641432
"2021_1159_1260",0.648543243863271
"2021_1159_1261",0.695342968570773
"2021_1159_1268",0.792383574214269
"2021_1159_1276",0.517779307180546
"2021_1159_1277",0.881394815324616
"2021_1159_1281",0.796054140857995
"2021_1159_1287",0.966276668960771
"2021_1159_1291",0.984858912594632
"2021_1159_1313",0.987611837577426
"2021_1159_1314",0.695572378986006
"2021_1159_1317",0.875430144528562
"2021_1159_1325",0.891947694425327
"2021_1159_1326",0.622161046111493
"2021_1159_1328",0.742601514108741
"2021_1159_1329",0.743060334939206
"2021_1159_1331",0.95732966276669
"2021_1159_1332",0.77471897224134
"2021_1159_1333",0.905253498508832
"2021_1159_1345",0.705437026841019
"2021_1159_1353",0.790089470061941
"2021_1159_1361",0.610002294104152
"2021_1159_1364",0.927506308786419
"2021_1159_1382",0.665519614590502
"2021_1159_1393",0.780224822206928
"2021_1159_1397",0.642578573067217
"2021_1159_1400",0.660013764624914
"2021_1159_1403",0.64280798348245
"2021_1159_1411",0.991511814636384
"2021_1159_1417",0.842165634319798
"2021_1159_1422",0.927506308786419
"2021_1159_1425",0.678137187428309
"2021_1159_1429",0.679284239504473
"2021_1159_1433",0.782060105528791
"2021_1159_1437",0.691213581096582
"2021_1159_1438",0.693966506079376
"2021_1159_1439",0.782289515944024
"2021_1159_1452",0.693737095664143
"2021_1159_1455",0.974764854324386
"2021_1159_1457",0.89057123193393
"2021_1159_1458",0.7143840330351
"2021_1160_1163",0.474191328286304
"2021_1160_1166",0.47143840330351
"2021_1160_1179",0.611378756595549
"2021_1160_1180",0.89057123193393
"2021_1160_1186",0.731130993347098
"2021_1160_1196",0.51571461344345
"2021_1160_1199",0.470061940812113
"2021_1160_1207",0.70153704978206
"2021_1160_1210",0.588208304657031
"2021_1160_1211",0.124799265886671
"2021_1160_1213",0.829089240651526
"2021_1160_1216",0.941500344115623
"2021_1160_1222",0.509749942647396
"2021_1160_1228",0.208992888277128
"2021_1160_1233",0.919935765083735
"2021_1160_1234",0.332186281257169
"2021_1160_1242",0.46340903877036
"2021_1160_1251",0.848130305115852
"2021_1160_1260",0.444367974306033
"2021_1160_1261",0.490479467767837
"2021_1160_1268",0.620555173204864
"2021_1160_1276",0.319339298004129
"2021_1160_1277",0.752924982794219
"2021_1160_1281",0.625831612755219
"2021_1160_1287",0.902041752695572
"2021_1160_1291",0.949070887818307
"2021_1160_1313",0.962147281486579
"2021_1160_1314",0.491626519844001
"2021_1160_1317",0.745125028676302
"2021_1160_1325",0.771966047258546
"2021_1160_1326",0.417756366139023
"2021_1160_1328",0.544849736178022
"2021_1160_1329",0.546914429915118
"2021_1160_1331",0.881394815324616
"2021_1160_1332",0.590272998394127
"2021_1160_1333",0.787565955494379
"2021_1160_1345",0.497820601055288
"2021_1160_1353",0.614590502408809
"2021_1160_1361",0.409038770360174
"2021_1160_1364",0.826565726083964
"2021_1160_1382",0.461344345033264
"2021_1160_1393",0.601284698325304
"2021_1160_1397",0.438173893094747
"2021_1160_1400",0.456297315898142
"2021_1160_1403",0.438632713925212
"2021_1160_1411",0.978894241798578
"2021_1160_1417",0.685937141546226
"2021_1160_1422",0.82702454691443
"2021_1160_1425",0.471667813718743
"2021_1160_1429",0.47304427621014
"2021_1160_1433",0.603808212892865
"2021_1160_1437",0.486808901124111
"2021_1160_1438",0.488414774030741
"2021_1160_1439",0.605414085799495
"2021_1160_1452",0.488414774030741
"2021_1160_1455",0.918788713007571
"2021_1160_1457",0.768983711860519
"2021_1160_1458",0.50929112181693
"2021_1163_1166",0.507685248910301
"2021_1163_1179",0.650378527185134
"2021_1163_1180",0.908924065152558
"2021_1163_1186",0.76026611608167
"2021_1163_1196",0.553108511126405
"2021_1163_1199",0.505620555173205
"2021_1163_1207",0.734113328745125
"2021_1163_1210",0.627896306492315
"2021_1163_1211",0.142005047029135
"2021_1163_1213",0.852947923835742
"2021_1163_1216",0.952970864877265
"2021_1163_1222",0.545996788254187
"2021_1163_1228",0.238816242257398
"2021_1163_1233",0.935535673319569
"2021_1163_1234",0.374397797660014
"2021_1163_1242",0.497591190640055
"2021_1163_1251",0.865336086258316
"2021_1163_1260",0.483138334480385
"2021_1163_1261",0.527185134205093
"2021_1163_1268",0.658637302133517
"2021_1163_1276",0.358339068593714
"2021_1163_1277",0.779766001376462
"2021_1163_1281",0.664601972929571
"2021_1163_1287",0.918329892177105
"2021_1163_1291",0.958706125258087
"2021_1163_1313",0.969717825189264
"2021_1163_1314",0.527873365450791
"2021_1163_1317",0.774030740995641
"2021_1163_1325",0.793989447120899
"2021_1163_1326",0.455609084652443
"2021_1163_1328",0.585914200504703
"2021_1163_1329",0.587061252580867
"2021_1163_1331",0.89860059646708
"2021_1163_1332",0.629731589814178
"2021_1163_1333",0.816471667813719
"2021_1163_1345",0.536361550814407
"2021_1163_1353",0.654507914659326
"2021_1163_1361",0.445056205551732
"2021_1163_1364",0.852030282174811
"2021_1163_1382",0.496902959394357
"2021_1163_1393",0.639825648084423
"2021_1163_1397",0.475567790777701
"2021_1163_1400",0.493002982335398
"2021_1163_1403",0.475797201192934
"2021_1163_1411",0.982564808442303
"2021_1163_1417",0.720348703831154
"2021_1163_1422",0.852259692590044
"2021_1163_1425",0.509061711401698
"2021_1163_1429",0.50929112181693
"2021_1163_1433",0.642578573067217
"2021_1163_1437",0.522596925900436
"2021_1163_1438",0.524661619637532
"2021_1163_1439",0.643266804312916
"2021_1163_1452",0.524432209222299
"2021_1163_1455",0.934388621243404
"2021_1163_1457",0.792842395044735
"2021_1163_1458",0.545308557008488
"2021_1166_1179",0.654278504244093
"2021_1166_1180",0.910529938059188
"2021_1166_1186",0.762789630649231
"2021_1166_1196",0.557237898600596
"2021_1166_1199",0.509520532232163
"2021_1166_1207",0.737095664143152
"2021_1166_1210",0.63156687313604
"2021_1166_1211",0.143840330350998
"2021_1166_1213",0.854324386327139
"2021_1166_1216",0.953429685707731
"2021_1166_1222",0.550584996558844
"2021_1166_1228",0.240422115164028
"2021_1166_1233",0.937141546226199
"2021_1166_1234",0.378756595549438
"2021_1166_1242",0.501491167699014
"2021_1166_1251",0.866712548749713
"2021_1166_1260",0.486350080293645
"2021_1166_1261",0.53016746960312
"2021_1166_1268",0.66207845836201
"2021_1166_1276",0.363386097728837
"2021_1166_1277",0.781601284698325
"2021_1166_1281",0.66850194998853
"2021_1166_1287",0.919018123422803
"2021_1166_1291",0.959394356503785
"2021_1166_1313",0.970406056434962
"2021_1166_1314",0.531085111264051
"2021_1166_1317",0.775866024317504
"2021_1166_1325",0.797430603349392
"2021_1166_1326",0.459509061711402
"2021_1166_1328",0.588208304657031
"2021_1166_1329",0.589584767148429
"2021_1166_1331",0.901124111034641
"2021_1166_1332",0.633402156457903
"2021_1166_1333",0.817618719889883
"2021_1166_1345",0.540261527873365
"2021_1166_1353",0.657949070887818
"2021_1166_1361",0.447579720119293
"2021_1166_1364",0.852947923835742
"2021_1166_1382",0.499426473961918
"2021_1166_1393",0.64280798348245
"2021_1166_1397",0.47946776783666
"2021_1166_1400",0.496214728148658
"2021_1166_1403",0.47946776783666
"2021_1166_1411",0.982794218857536
"2021_1166_1417",0.722642807983482
"2021_1166_1422",0.852947923835742
"2021_1166_1425",0.512732278045423
"2021_1166_1429",0.513420509291122
"2021_1166_1433",0.645790318880477
"2021_1166_1437",0.525808671713696
"2021_1166_1438",0.528332186281257
"2021_1166_1439",0.647396191787107
"2021_1166_1452",0.528332186281257
"2021_1166_1455",0.935535673319569
"2021_1166_1457",0.794218857536132
"2021_1166_1458",0.549208534067447
"2021_1179_1180",0.84308327598073
"2021_1179_1186",0.634549208534067
"2021_1179_1196",0.417297545308557
"2021_1179_1199",0.377838953888507
"2021_1179_1207",0.602202339986235
"2021_1179_1210",0.48910300527644
"2021_1179_1211",0.0846524432209222
"2021_1179_1213",0.76026611608167
"2021_1179_1216",0.904335856847901
"2021_1179_1222",0.413168157834366
"2021_1179_1228",0.148428538655655
"2021_1179_1233",0.873594861206699
"2021_1179_1234",0.238586831842166
"2021_1179_1242",0.370268410185822
"2021_1179_1251",0.776095434732737
"2021_1179_1260",0.351227345721496
"2021_1179_1261",0.393897682954806
"2021_1179_1268",0.518696948841477
"2021_1179_1276",0.228033952741454
"2021_1179_1277",0.666207845836201
"2021_1179_1281",0.523055746730902
"2021_1179_1287",0.854324386327139
"2021_1179_1291",0.913053452626749
"2021_1179_1313",0.93484744207387
"2021_1179_1314",0.394356503785272
"2021_1179_1317",0.656343197981188
"2021_1179_1325",0.690066529020418
"2021_1179_1326",0.321403991741225
"2021_1179_1328",0.448038540949759
"2021_1179_1329",0.448956182610691
"2021_1179_1331",0.827253957329663
"2021_1179_1332",0.491167699013535
"2021_1179_1333",0.716678137187428
"2021_1179_1345",0.402385868318422
"2021_1179_1353",0.51571461344345
"2021_1179_1361",0.310392291810048
"2021_1179_1364",0.758889653590273
"2021_1179_1382",0.367974306033494
"2021_1179_1393",0.498279421885754
"2021_1179_1397",0.342280339527415
"2021_1179_1400",0.363386097728837
"2021_1179_1403",0.342509749942647
"2021_1179_1411",0.959623766919018
"2021_1179_1417",0.583620096352374
"2021_1179_1422",0.758889653590273
"2021_1179_1425",0.379674237210369
"2021_1179_1429",0.380591878871301
"2021_1179_1433",0.501491167699014
"2021_1179_1437",0.390915347556779
"2021_1179_1438",0.392750630878642
"2021_1179_1439",0.502638219775178
"2021_1179_1452",0.392291810048176
"2021_1179_1455",0.873365450791466
"2021_1179_1457",0.686625372791925
"2021_1179_1458",0.4127093370039
"2021_1180_1186",0.262216104611149
"2021_1180_1196",0.124799265886671
"2021_1180_1199",0.104381738930947
"2021_1180_1207",0.23491626519844
"2021_1180_1210",0.157834365680202
"2021_1180_1211",0.0144528561596696
"2021_1180_1213",0.3966506079376
"2021_1180_1216",0.642578573067217
"2021_1180_1222",0.122046340903877
"2021_1180_1228",0.0341821518696949
"2021_1180_1233",0.578802477632484
"2021_1180_1234",0.0601055287910071
"2021_1180_1242",0.100940582702455
"2021_1180_1251",0.42073870153705
"2021_1180_1260",0.0945170910759349
"2021_1180_1261",0.112411103464097
"2021_1180_1268",0.17779307180546
"2021_1180_1276",0.0562055517320486
"2021_1180_1277",0.290662996100023
"2021_1180_1281",0.180545996788254
"2021_1180_1287",0.534296857077311
"2021_1180_1291",0.663225510438174
"2021_1180_1313",0.715072264280798
"2021_1180_1314",0.11264051387933
"2021_1180_1317",0.283092452397339
"2021_1180_1325",0.314980500114705
"2021_1180_1326",0.0846524432209222
"2021_1180_1328",0.139022711631108
"2021_1180_1329",0.139022711631108
"2021_1180_1331",0.491167699013535
"2021_1180_1332",0.159440238586832
"2021_1180_1333",0.344115622849277
"2021_1180_1345",0.116769901353521
"2021_1180_1353",0.1745813259922
"2021_1180_1361",0.0816701078228952
"2021_1180_1364",0.394127093370039
"2021_1180_1382",0.100481761871989
"2021_1180_1393",0.16494608855242
"2021_1180_1397",0.0924523973388392
"2021_1180_1400",0.0984170681348933
"2021_1180_1403",0.092681807754072
"2021_1180_1411",0.78114246386786
"2021_1180_1417",0.2220692819454
"2021_1180_1422",0.394356503785272
"2021_1180_1425",0.105069970176646
"2021_1180_1429",0.105528791007112
"2021_1180_1433",0.167469603119982
"2021_1180_1437",0.110346409727002
"2021_1180_1438",0.111952282633632
"2021_1180_1439",0.168616655196146
"2021_1180_1452",0.111493461803166
"2021_1180_1455",0.573984858912595
"2021_1180_1457",0.312456985547144
"2021_1180_1458",0.121587520073411
"2021_1186_1196",0.299610002294104
"2021_1186_1199",0.253039688001835
"2021_1186_1207",0.47946776783666
"2021_1186_1210",0.376462491397109
"2021_1186_1211",0.0518467538426245
"2021_1186_1213",0.651984400091764
"2021_1186_1216",0.848130305115852
"2021_1186_1222",0.294333562743749
"2021_1186_1228",0.0961229639825648
"2021_1186_1233",0.799954117916953
"2021_1186_1234",0.155999082358339
"2021_1186_1242",0.24776324845148
"2021_1186_1251",0.679284239504473
"2021_1186_1260",0.234228033952741
"2021_1186_1261",0.276668960770819
"2021_1186_1268",0.399403532920395
"2021_1186_1276",0.149116769901354
"2021_1186_1277",0.540720348703831
"2021_1186_1281",0.405597614131682
"2021_1186_1287",0.77311309933471
"2021_1186_1291",0.856159669649002
"2021_1186_1313",0.88254186740078
"2021_1186_1314",0.276898371186052
"2021_1186_1317",0.531085111264051
"2021_1186_1325",0.565496673548979
"2021_1186_1326",0.212434044505621
"2021_1186_1328",0.330350997935306
"2021_1186_1329",0.331956870841936
"2021_1186_1331",0.740307409956412
"2021_1186_1332",0.378527185134205
"2021_1186_1333",0.594861206698784
"2021_1186_1345",0.283780683643037
"2021_1186_1353",0.395732966276669
"2021_1186_1361",0.205781142463868
"2021_1186_1364",0.648084423032806
"2021_1186_1382",0.245698554714384
"2021_1186_1393",0.386556549667355
"2021_1186_1397",0.228263363156687
"2021_1186_1400",0.241569167240193
"2021_1186_1403",0.229181004817619
"2021_1186_1411",0.92200045882083
"2021_1186_1417",0.463867859600826
"2021_1186_1422",0.648543243863271
"2021_1186_1425",0.256480844230328
"2021_1186_1429",0.256480844230328
"2021_1186_1433",0.388850653819683
"2021_1186_1437",0.273457214957559
"2021_1186_1438",0.274833677448956
"2021_1186_1439",0.389309474650149
"2021_1186_1452",0.274604267033723
"2021_1186_1455",0.797889424179858
"2021_1186_1457",0.562743748566185
"2021_1186_1458",0.293186510667584
"2021_1196_1199",0.465932553337922
"2021_1196_1207",0.696490020646937
"2021_1196_1210",0.584767148428539
"2021_1196_1211",0.122963982564808
"2021_1196_1213",0.825648084423033
"2021_1196_1216",0.941041523285157
"2021_1196_1222",0.505161734342739
"2021_1196_1228",0.207616425785731
"2021_1196_1233",0.918329892177105
"2021_1196_1234",0.328974535443909
"2021_1196_1242",0.458820830465703
"2021_1196_1251",0.846065611378757
"2021_1196_1260",0.440009176416609
"2021_1196_1261",0.48749713236981
"2021_1196_1268",0.614590502408809
"2021_1196_1276",0.31452167928424
"2021_1196_1277",0.749713236980959
"2021_1196_1281",0.622390456526726
"2021_1196_1287",0.899518238128011
"2021_1196_1291",0.947923835742143
"2021_1196_1313",0.961229639825648
"2021_1196_1314",0.488185363615508
"2021_1196_1317",0.742601514108741
"2021_1196_1325",0.768066070199587
"2021_1196_1326",0.414085799495297
"2021_1196_1328",0.541179169534297
"2021_1196_1329",0.543243863271393
"2021_1196_1331",0.87933012158752
"2021_1196_1332",0.586602431750401
"2021_1196_1333",0.78596008258775
"2021_1196_1345",0.493920623996329
"2021_1196_1353",0.611149346180317
"2021_1196_1361",0.403991741225052
"2021_1196_1364",0.82220692819454
"2021_1196_1382",0.456067905482909
"2021_1196_1393",0.596237669190181
"2021_1196_1397",0.433815095205322
"2021_1196_1400",0.45216792842395
"2021_1196_1403",0.433815095205322
"2021_1196_1411",0.978206010552879
"2021_1196_1417",0.682725395732966
"2021_1196_1422",0.822665749025006
"2021_1196_1425",0.468685478320716
"2021_1196_1429",0.469373709566414
"2021_1196_1433",0.599908235833907
"2021_1196_1437",0.483367744895618
"2021_1196_1438",0.48589125946318
"2021_1196_1439",0.601972929571003
"2021_1196_1452",0.485661849047947
"2021_1196_1455",0.917412250516173
"2021_1196_1457",0.766230786877724
"2021_1196_1458",0.504244092681808
"2021_1199_1207",0.737783895388851
"2021_1199_1210",0.63317274604267
"2021_1199_1211",0.144757972011929
"2021_1199_1213",0.855471438403304
"2021_1199_1216",0.953659096122964
"2021_1199_1222",0.552879100711172
"2021_1199_1228",0.242027988070658
"2021_1199_1233",0.937141546226199
"2021_1199_1234",0.380591878871301
"2021_1199_1242",0.502638219775178
"2021_1199_1251",0.867400779995412
"2021_1199_1260",0.48749713236981
"2021_1199_1261",0.532232163340216
"2021_1199_1268",0.663913741683872
"2021_1199_1276",0.364991970635467
"2021_1199_1277",0.782060105528791
"2021_1199_1281",0.671025464556091
"2021_1199_1287",0.920165175498968
"2021_1199_1291",0.959623766919018
"2021_1199_1313",0.971094287680661
"2021_1199_1314",0.533608625831613
"2021_1199_1317",0.777013076393668
"2021_1199_1325",0.798348245010323
"2021_1199_1326",0.462032576278963
"2021_1199_1328",0.590043587978894
"2021_1199_1329",0.591878871300757
"2021_1199_1331",0.90181234228034
"2021_1199_1332",0.635237439779766
"2021_1199_1333",0.818765771966047
"2021_1199_1345",0.541179169534297
"2021_1199_1353",0.65886671254875
"2021_1199_1361",0.448956182610691
"2021_1199_1364",0.853406744666208
"2021_1199_1382",0.501261757283781
"2021_1199_1393",0.643955035558614
"2021_1199_1397",0.481303051158523
"2021_1199_1400",0.497361780224822
"2021_1199_1403",0.481532461573755
"2021_1199_1411",0.982794218857536
"2021_1199_1417",0.72401927047488
"2021_1199_1422",0.853406744666208
"2021_1199_1425",0.514567561367286
"2021_1199_1429",0.515255792612985
"2021_1199_1433",0.64762560220234
"2021_1199_1437",0.527643955035559
"2021_1199_1438",0.529938059187887
"2021_1199_1439",0.648772654278504
"2021_1199_1452",0.529479238357421
"2021_1199_1455",0.936223904565267
"2021_1199_1457",0.796054140857995
"2021_1199_1458",0.551961459050241
"2021_1207_1210",0.402615278733654
"2021_1207_1211",0.0598761183757743
"2021_1207_1213",0.685478320715761
"2021_1207_1216",0.86327139252122
"2021_1207_1222",0.326221610461115
"2021_1207_1228",0.108511126405139
"2021_1207_1233",0.8254186740078
"2021_1207_1234",0.176646019729296
"2021_1207_1242",0.278274833677449
"2021_1207_1251",0.70796054140858
"2021_1207_1260",0.260839642119752
"2021_1207_1261",0.306951135581555
"2021_1207_1268",0.431750401468227
"2021_1207_1276",0.167699013535214
"2021_1207_1277",0.574214269327827
"2021_1207_1281",0.437026841018582
"2021_1207_1287",0.792842395044735
"2021_1207_1291",0.871988988300069
"2021_1207_1313",0.897912365221381
"2021_1207_1314",0.307868777242487
"2021_1207_1317",0.565037852718513
"2021_1207_1325",0.601514108740537
"2021_1207_1326",0.237898600596467
"2021_1207_1328",0.36682725395733
"2021_1207_1329",0.369350768524891
"2021_1207_1331",0.765313145216793
"2021_1207_1332",0.40467997247075
"2021_1207_1333",0.628584537738013
"2021_1207_1345",0.314980500114705
"2021_1207_1353",0.427391603578802
"2021_1207_1361",0.23009864647855
"2021_1207_1364",0.682725395732966
"2021_1207_1382",0.276898371186052
"2021_1207_1393",0.413397568249599
"2021_1207_1397",0.255104381738931
"2021_1207_1400",0.274604267033723
"2021_1207_1403",0.256480844230328
"2021_1207_1411",0.935076852489103
"2021_1207_1417",0.493461803165864
"2021_1207_1422",0.683184216563432
"2021_1207_1425",0.287680660701996
"2021_1207_1429",0.287680660701996
"2021_1207_1433",0.415462261986694
"2021_1207_1437",0.302362927276898
"2021_1207_1438",0.30488644184446
"2021_1207_1439",0.416609314062858
"2021_1207_1452",0.304657031429227
"2021_1207_1455",0.821518696948841
"2021_1207_1457",0.597384721266345
"2021_1207_1458",0.325762789630649
"2021_1210_1211",0.0931406285845377
"2021_1210_1213",0.77471897224134
"2021_1210_1216",0.913971094287681
"2021_1210_1222",0.433815095205322
"2021_1210_1228",0.159440238586832
"2021_1210_1233",0.886212434044506
"2021_1210_1234",0.257398485891259
"2021_1210_1242",0.389768295480615
"2021_1210_1251",0.790318880477174
"2021_1210_1260",0.373709566414315
"2021_1210_1261",0.414544620325763
"2021_1210_1268",0.540261527873365
"2021_1210_1276",0.244322092222987
"2021_1210_1277",0.68708419362239
"2021_1210_1281",0.544849736178022
"2021_1210_1287",0.865565496673549
"2021_1210_1291",0.922688690066529
"2021_1210_1313",0.941041523285157
"2021_1210_1314",0.415462261986694
"2021_1210_1317",0.680660701995871
"2021_1210_1325",0.710942876806607
"2021_1210_1326",0.344115622849277
"2021_1210_1328",0.47143840330351
"2021_1210_1329",0.473273686625373
"2021_1210_1331",0.845147969717825
"2021_1210_1332",0.514338150952053
"2021_1210_1333",0.734572149575591
"2021_1210_1345",0.42234457444368
"2021_1210_1353",0.536132140399174
"2021_1210_1361",0.332415691672402
"2021_1210_1364",0.77311309933471
"2021_1210_1382",0.389309474650149
"2021_1210_1393",0.521220463409039
"2021_1210_1397",0.368203716448727
"2021_1210_1400",0.386556549667355
"2021_1210_1403",0.368891947694425
"2021_1210_1411",0.963294333562744
"2021_1210_1417",0.607019958706125
"2021_1210_1422",0.77311309933471
"2021_1210_1425",0.395732966276669
"2021_1210_1429",0.396421197522368
"2021_1210_1433",0.523514567561367
"2021_1210_1437",0.411332874512503
"2021_1210_1438",0.413397568249599
"2021_1210_1439",0.524432209222299
"2021_1210_1452",0.413397568249599
"2021_1210_1455",0.885065381968341
"2021_1210_1457",0.707501720578114
"2021_1210_1458",0.433356274374857
"2021_1211_1213",0.984858912594632
"2021_1211_1216",0.995870612525809
"2021_1211_1222",0.887818306951136
"2021_1211_1228",0.666207845836201
"2021_1211_1233",0.992888277127782
"2021_1211_1234",0.779077770130764
"2021_1211_1242",0.864647855012618
"2021_1211_1251",0.986235375086029
"2021_1211_1260",0.856159669649002
"2021_1211_1261",0.878641890341821
"2021_1211_1268",0.934388621243404
"2021_1211_1276",0.770818995182381
"2021_1211_1277",0.971782518926359
"2021_1211_1281",0.937141546226199
"2021_1211_1287",0.991511814636384
"2021_1211_1291",0.997017664601973
"2021_1211_1313",0.997247075017206
"2021_1211_1314",0.87933012158752
"2021_1211_1317",0.968800183528332
"2021_1211_1325",0.975453085570085
"2021_1211_1326",0.84308327598073
"2021_1211_1328",0.905253498508832
"2021_1211_1329",0.905253498508832
"2021_1211_1331",0.99036476256022
"2021_1211_1332",0.924523973388392
"2021_1211_1333",0.978894241798578
"2021_1211_1345",0.883688919476944
"2021_1211_1353",0.933929800412939
"2021_1211_1361",0.834365680201881
"2021_1211_1364",0.984629502179399
"2021_1211_1382",0.863959623766919
"2021_1211_1393",0.927506308786419
"2021_1211_1397",0.852947923835742
"2021_1211_1400",0.862353750860289
"2021_1211_1403",0.853177334250975
"2021_1211_1411",0.998164716678137
"2021_1211_1417",0.952970864877265
"2021_1211_1422",0.984629502179399
"2021_1211_1425",0.868777242486809
"2021_1211_1429",0.869006652902042
"2021_1211_1433",0.929341592108282
"2021_1211_1437",0.875430144528562
"2021_1211_1438",0.877494838265657
"2021_1211_1439",0.929571002523515
"2021_1211_1452",0.877265427850424
"2021_1211_1455",0.992888277127782
"2021_1211_1457",0.974994264739619
"2021_1211_1458",0.887818306951136
"2021_1213_1216",0.748566184904795
"2021_1213_1222",0.181922459279651
"2021_1213_1228",0.0550584996558844
"2021_1213_1233",0.695572378986006
"2021_1213_1234",0.0954347327368663
"2021_1213_1242",0.153475567790778
"2021_1213_1251",0.53498508832301
"2021_1213_1260",0.145216792842395
"2021_1213_1261",0.170222528102776
"2021_1213_1268",0.265427850424409
"2021_1213_1276",0.0908465244322092
"2021_1213_1277",0.405827024546914
"2021_1213_1281",0.273457214957559
"2021_1213_1287",0.65404909382886
"2021_1213_1291",0.764395503555861
"2021_1213_1313",0.798577655425556
"2021_1213_1314",0.170910759348474
"2021_1213_1317",0.396421197522368
"2021_1213_1325",0.429915118146364
"2021_1213_1326",0.131222757513191
"2021_1213_1328",0.207616425785731
"2021_1213_1329",0.207845836200964
"2021_1213_1331",0.609084652443221
"2021_1213_1332",0.23973388391833
"2021_1213_1333",0.457444367974306
"2021_1213_1345",0.17618719889883
"2021_1213_1353",0.260610231704519
"2021_1213_1361",0.127781601284698
"2021_1213_1364",0.507685248910301
"2021_1213_1382",0.152787336545079
"2021_1213_1393",0.247533838036247
"2021_1213_1397",0.142005047029135
"2021_1213_1400",0.150952053223216
"2021_1213_1403",0.142005047029135
"2021_1213_1411",0.858453773801331
"2021_1213_1417",0.327368662537279
"2021_1213_1422",0.507685248910301
"2021_1213_1425",0.157604955264969
"2021_1213_1429",0.157604955264969
"2021_1213_1433",0.25097499426474
"2021_1213_1437",0.167469603119982
"2021_1213_1438",0.169534296857077
"2021_1213_1439",0.25097499426474
"2021_1213_1452",0.169304886441844
"2021_1213_1455",0.693737095664143
"2021_1213_1457",0.426015141087405
"2021_1213_1458",0.181922459279651
"2021_1216_1222",0.0745583849506768
"2021_1216_1228",0.0160587290662996
"2021_1216_1233",0.448956182610691
"2021_1216_1234",0.0350997935306263
"2021_1216_1242",0.0607937600367057
"2021_1216_1251",0.295480614819913
"2021_1216_1260",0.0559761413168158
"2021_1216_1261",0.0692819454003212
"2021_1216_1268",0.112181693048864
"2021_1216_1276",0.0330350997935306
"2021_1216_1277",0.187198898830007
"2021_1216_1281",0.11424638678596
"2021_1216_1287",0.409038770360174
"2021_1216_1291",0.529938059187887
"2021_1216_1313",0.585455379674237
"2021_1216_1314",0.069511355815554
"2021_1216_1317",0.18100481761872
"2021_1216_1325",0.204404679972471
"2021_1216_1326",0.0497820601055288
"2021_1216_1328",0.0855700848818536
"2021_1216_1329",0.086487726542785
"2021_1216_1331",0.370956641431521
"2021_1216_1332",0.100940582702455
"2021_1216_1333",0.224822206928195
"2021_1216_1345",0.0718054599678825
"2021_1216_1353",0.110346409727002
"2021_1216_1361",0.0481761871988988
"2021_1216_1364",0.269557237898601
"2021_1216_1382",0.0605643496214728
"2021_1216_1393",0.105069970176646
"2021_1216_1397",0.0543702684101858
"2021_1216_1400",0.0594172975453086
"2021_1216_1403",0.0550584996558844
"2021_1216_1411",0.678596008258775
"2021_1216_1417",0.142005047029135
"2021_1216_1422",0.270016058729066
"2021_1216_1425",0.064923147510897
"2021_1216_1429",0.0651525579261299
"2021_1216_1433",0.106446432668043
"2021_1216_1437",0.0679054829089241
"2021_1216_1438",0.0685937141546226
"2021_1216_1439",0.106905253498509
"2021_1216_1452",0.0685937141546226
"2021_1216_1455",0.445515026382198
"2021_1216_1457",0.201192934159211
"2021_1216_1458",0.0745583849506768
"2021_1222_1228",0.210598761183758
"2021_1222_1233",0.920394585914201
"2021_1222_1234",0.333792154163799
"2021_1222_1242",0.464097270016059
"2021_1222_1251",0.848359715531085
"2021_1222_1260",0.445056205551732
"2021_1222_1261",0.491626519844001
"2021_1222_1268",0.622161046111493
"2021_1222_1276",0.320256939665061
"2021_1222_1277",0.754530855700849
"2021_1222_1281",0.626978664831383
"2021_1222_1287",0.902500573526038
"2021_1222_1291",0.94930029823354
"2021_1222_1313",0.962376691901812
"2021_1222_1314",0.493002982335398
"2021_1222_1317",0.746730901582932
"2021_1222_1325",0.772654278504244
"2021_1222_1326",0.418674007799954
"2021_1222_1328",0.546685019499885
"2021_1222_1329",0.548061481991282
"2021_1222_1331",0.881853636155081
"2021_1222_1332",0.591878871300757
"2021_1222_1333",0.789171828401009
"2021_1222_1345",0.499885294792384
"2021_1222_1353",0.616196375315439
"2021_1222_1361",0.410185822436339
"2021_1222_1364",0.827712778160128
"2021_1222_1382",0.462720807524662
"2021_1222_1393",0.602431750401468
"2021_1222_1397",0.439320945170911
"2021_1222_1400",0.458820830465703
"2021_1222_1403",0.439779766001376
"2021_1222_1411",0.978894241798578
"2021_1222_1417",0.686395962376692
"2021_1222_1422",0.827712778160128
"2021_1222_1425",0.473273686625373
"2021_1222_1429",0.473732507455839
"2021_1222_1433",0.605414085799495
"2021_1222_1437",0.488185363615508
"2021_1222_1438",0.490020646937371
"2021_1222_1439",0.60656113787566
"2021_1222_1452",0.490020646937371
"2021_1222_1455",0.918788713007571
"2021_1222_1457",0.770130763936683
"2021_1222_1458",0.51089699472356
"2021_1228_1233",0.986694195916495
"2021_1228_1234",0.649690295939436
"2021_1228_1242",0.766460197292957
"2021_1228_1251",0.966276668960771
"2021_1228_1260",0.752695572378986
"2021_1228_1261",0.783895388850654
"2021_1228_1268",0.867400779995412
"2021_1228_1276",0.635466850194999
"2021_1228_1277",0.932782748336774
"2021_1228_1281",0.869465473732507
"2021_1228_1287",0.983482450103235
"2021_1228_1291",0.991052993805919
"2021_1228_1313",0.992200045882083
"2021_1228_1314",0.785042440926818
"2021_1228_1317",0.929112181693049
"2021_1228_1325",0.93966506079376
"2021_1228_1326",0.733195687084194
"2021_1228_1328",0.825877494838266
"2021_1228_1329",0.827712778160128
"2021_1228_1331",0.978894241798578
"2021_1228_1332",0.853177334250975
"2021_1228_1333",0.948841477403074
"2021_1228_1345",0.790548290892407
"2021_1228_1353",0.865565496673549
"2021_1228_1361",0.723331039229181
"2021_1228_1364",0.961459050240881
"2021_1228_1382",0.76508373480156
"2021_1228_1393",0.857765542555632
"2021_1228_1397",0.747877953659096
"2021_1228_1400",0.763707272310163
"2021_1228_1403",0.748566184904795
"2021_1228_1411",0.996558843771507
"2021_1228_1417",0.897912365221381
"2021_1228_1422",0.961459050240881
"2021_1228_1425",0.77311309933471
"2021_1228_1429",0.773342509749943
"2021_1228_1433",0.859371415462262
"2021_1228_1437",0.781830695113558
"2021_1228_1438",0.782977747189722
"2021_1228_1439",0.860059646707961
"2021_1228_1452",0.782518926359257
"2021_1228_1455",0.986464785501262
"2021_1228_1457",0.938747419132829
"2021_1228_1458",0.797430603349392
"2021_1233_1234",0.0442762101399404
"2021_1233_1242",0.0782289515944024
"2021_1233_1251",0.358339068593714
"2021_1233_1260",0.0734113328745125
"2021_1233_1261",0.088093599449415
"2021_1233_1268",0.140399174122505
"2021_1233_1276",0.0422115164028447
"2021_1233_1277",0.232622161046111
"2021_1233_1281",0.144069740766231
"2021_1233_1287",0.470061940812113
"2021_1233_1291",0.594631796283551
"2021_1233_1313",0.649690295939436
"2021_1233_1314",0.0883230098646479
"2021_1233_1317",0.22528102775866
"2021_1233_1325",0.25097499426474
"2021_1233_1326",0.0656113787565955
"2021_1233_1328",0.108740536820372
"2021_1233_1329",0.10942876806607
"2021_1233_1331",0.424868089011241
"2021_1233_1332",0.127781601284698
"2021_1233_1333",0.278274833677449
"2021_1233_1345",0.0915347556779078
"2021_1233_1353",0.139022711631108
"2021_1233_1361",0.0642349162651984
"2021_1233_1364",0.328745125028676
"2021_1233_1382",0.0777701307639367
"2021_1233_1393",0.130763936682725
"2021_1233_1397",0.0718054599678825
"2021_1233_1400",0.0768524891030053
"2021_1233_1403",0.0718054599678825
"2021_1233_1411",0.733425097499427
"2021_1233_1417",0.176416609314063
"2021_1233_1422",0.328974535443909
"2021_1233_1425",0.0807524661619638
"2021_1233_1429",0.0807524661619638
"2021_1233_1433",0.132369809589355
"2021_1233_1437",0.0857994952970865
"2021_1233_1438",0.0878641890341822
"2021_1233_1439",0.133287451250287
"2021_1233_1452",0.0878641890341822
"2021_1233_1455",0.507685248910301
"2021_1233_1457",0.248680890112411
"2021_1233_1458",0.094287680660702
"2021_1234_1242",0.64601972929571
"2021_1234_1251",0.931406285845377
"2021_1234_1260",0.627896306492315
"2021_1234_1261",0.677219545767378
"2021_1234_1268",0.779995411791695
"2021_1234_1276",0.496673548979124
"2021_1234_1277",0.870612525808672
"2021_1234_1281",0.782289515944024
"2021_1234_1287",0.962376691901812
"2021_1234_1291",0.982794218857536
"2021_1234_1313",0.986694195916495
"2021_1234_1314",0.678596008258775
"2021_1234_1317",0.866712548749713
"2021_1234_1325",0.882771277816013
"2021_1234_1326",0.601284698325304
"2021_1234_1328",0.727689837118605
"2021_1234_1329",0.729066299610002
"2021_1234_1331",0.951594402385868
"2021_1234_1332",0.762101399403533
"2021_1234_1333",0.895847671484285
"2021_1234_1345",0.685248910300528
"2021_1234_1353",0.777242486808901
"2021_1234_1361",0.588208304657031
"2021_1234_1364",0.918329892177105
"2021_1234_1382",0.643496214728149
"2021_1234_1393",0.767607249369121
"2021_1234_1397",0.621931635696261
"2021_1234_1400",0.640513879330122
"2021_1234_1403",0.622390456526726
"2021_1234_1411",0.991052993805919
"2021_1234_1417",0.824959853177334
"2021_1234_1422",0.918559302592338
"2021_1234_1425",0.655196145905024
"2021_1234_1429",0.65565496673549
"2021_1234_1433",0.769442532690984
"2021_1234_1437",0.672631337462721
"2021_1234_1438",0.676072493691214
"2021_1234_1439",0.770818995182381
"2021_1234_1452",0.675384262445515
"2021_1234_1455",0.971094287680661
"2021_1234_1457",0.881394815324616
"2021_1234_1458",0.694195916494609
"2021_1242_1251",0.870612525808672
"2021_1242_1260",0.493002982335398
"2021_1242_1261",0.539573296627667
"2021_1242_1268",0.673090158293187
"2021_1242_1276",0.37325074558385
"2021_1242_1277",0.786877724248681
"2021_1242_1281",0.679284239504473
"2021_1242_1287",0.924065152557926
"2021_1242_1291",0.961459050240881
"2021_1242_1313",0.973158981417756
"2021_1242_1314",0.540261527873365
"2021_1242_1317",0.781601284698325
"2021_1242_1325",0.803624684560679
"2021_1242_1326",0.469144299151181
"2021_1242_1328",0.599449415003441
"2021_1242_1329",0.600825877494838
"2021_1242_1331",0.904565267263134
"2021_1242_1332",0.64280798348245
"2021_1242_1333",0.824730442762101
"2021_1242_1345",0.54783207157605
"2021_1242_1353",0.667584308327598
"2021_1242_1361",0.457903188804772
"2021_1242_1364",0.856847900894701
"2021_1242_1382",0.50929112181693
"2021_1242_1393",0.651754989676531
"2021_1242_1397",0.488185363615508
"2021_1242_1400",0.504244092681808
"2021_1242_1403",0.488414774030741
"2021_1242_1411",0.983253039688002
"2021_1242_1417",0.732048635008029
"2021_1242_1422",0.856847900894701
"2021_1242_1425",0.520073411332875
"2021_1242_1429",0.52053223216334
"2021_1242_1433",0.654278504244093
"2021_1242_1437",0.534755677907777
"2021_1242_1438",0.537279192475338
"2021_1242_1439",0.65565496673549
"2021_1242_1452",0.53659096122964
"2021_1242_1455",0.937829777471897
"2021_1242_1457",0.801330580408351
"2021_1242_1458",0.559532002752925
"2021_1251_1260",0.132369809589355
"2021_1251_1261",0.155540261527873
"2021_1251_1268",0.241798577655426
"2021_1251_1276",0.081899518238128
"2021_1251_1277",0.386556549667355
"2021_1251_1281",0.24776324845148
"2021_1251_1287",0.62835512732278
"2021_1251_1291",0.744436797430603
"2021_1251_1313",0.782060105528791
"2021_1251_1314",0.155999082358339
"2021_1251_1317",0.378527185134205
"2021_1251_1325",0.405827024546914
"2021_1251_1326",0.121358109658178
"2021_1251_1328",0.190410644643267
"2021_1251_1329",0.191098875888965
"2021_1251_1331",0.582702454691443
"2021_1251_1332",0.221151640284469
"2021_1251_1333",0.432438632713925
"2021_1251_1345",0.159899059417298
"2021_1251_1353",0.23973388391833
"2021_1251_1361",0.11585225969259
"2021_1251_1364",0.48428538655655
"2021_1251_1382",0.140399174122505
"2021_1251_1393",0.228033952741454
"2021_1251_1397",0.129158063776095
"2021_1251_1400",0.139022711631108
"2021_1251_1403",0.129387474191328
"2021_1251_1411",0.848130305115852
"2021_1251_1417",0.303509979353063
"2021_1251_1422",0.48428538655655
"2021_1251_1425",0.146593255333792
"2021_1251_1429",0.146822665749025
"2021_1251_1433",0.23009864647855
"2021_1251_1437",0.153475567790778
"2021_1251_1438",0.155081440697408
"2021_1251_1439",0.231475108969947
"2021_1251_1452",0.154852030282175
"2021_1251_1455",0.669419591649461
"2021_1251_1457",0.402156457903189
"2021_1251_1458",0.166093140628585
"2021_1260_1261",0.558843771507226
"2021_1260_1268",0.688001835283322
"2021_1260_1276",0.389309474650149
"2021_1260_1277",0.798577655425556
"2021_1260_1281",0.694195916494609
"2021_1260_1287",0.931865106675843
"2021_1260_1291",0.963982564808442
"2021_1260_1313",0.975223675154852
"2021_1260_1314",0.559532002752925
"2021_1260_1317",0.792383574214269
"2021_1260_1325",0.816701078228952
"2021_1260_1326",0.48589125946318
"2021_1260_1328",0.615278733654508
"2021_1260_1329",0.616884606561138
"2021_1260_1331",0.912594631796284
"2021_1260_1332",0.659554943794448
"2021_1260_1333",0.838724478091305
"2021_1260_1345",0.566873136040376
"2021_1260_1353",0.685248910300528
"2021_1260_1361",0.475108969947236
"2021_1260_1364",0.866024317504015
"2021_1260_1382",0.525808671713696
"2021_1260_1393",0.671254874971324
"2021_1260_1397",0.504014682266575
"2021_1260_1400",0.521908694654737
"2021_1260_1403",0.504244092681808
"2021_1260_1411",0.98554714384033
"2021_1260_1417",0.742601514108741
"2021_1260_1422",0.866253727919247
"2021_1260_1425",0.537279192475338
"2021_1260_1429",0.537508602890571
"2021_1260_1433",0.674237210369351
"2021_1260_1437",0.553567331956871
"2021_1260_1438",0.557008488185364
"2021_1260_1439",0.676301904106446
"2021_1260_1452",0.556549667354898
"2021_1260_1455",0.942417985776554
"2021_1260_1457",0.815324615737554
"2021_1260_1458",0.578343656802019
"2021_1261_1268",0.641890341821519
"2021_1261_1276",0.340215645790319
"2021_1261_1277",0.768524891030053
"2021_1261_1281",0.647396191787107
"2021_1261_1287",0.911218169304886
"2021_1261_1291",0.953429685707731
"2021_1261_1313",0.965359027299839
"2021_1261_1314",0.512961688460656
"2021_1261_1317",0.763936682725396
"2021_1261_1325",0.782977747189722
"2021_1261_1326",0.438632713925212
"2021_1261_1328",0.567102546455609
"2021_1261_1329",0.568708419362239
"2021_1261_1331",0.890800642349163
"2021_1261_1332",0.612296398256481
"2021_1261_1333",0.802936453314981
"2021_1261_1345",0.520073411332875
"2021_1261_1353",0.638449185593026
"2021_1261_1361",0.428309245239734
"2021_1261_1364",0.84308327598073
"2021_1261_1382",0.481303051158523
"2021_1261_1393",0.622390456526726
"2021_1261_1397",0.459509061711402
"2021_1261_1400",0.477173663684331
"2021_1261_1403",0.460426703372333
"2021_1261_1411",0.980270704289975
"2021_1261_1417",0.706584078917183
"2021_1261_1422",0.843312686395962
"2021_1261_1425",0.491626519844001
"2021_1261_1429",0.492544161504932
"2021_1261_1433",0.625143381509521
"2021_1261_1437",0.506079376003671
"2021_1261_1438",0.50929112181693
"2021_1261_1439",0.626061023170452
"2021_1261_1452",0.50929112181693
"2021_1261_1455",0.927735719201652
"2021_1261_1457",0.781830695113558
"2021_1261_1458",0.52856159669649
"2021_1268_1276",0.222298692360633
"2021_1268_1277",0.657490250057353
"2021_1268_1281",0.516861665519615
"2021_1268_1287",0.850883230098647
"2021_1268_1291",0.910759348474421
"2021_1268_1313",0.932782748336774
"2021_1268_1314",0.389768295480615
"2021_1268_1317",0.648543243863271
"2021_1268_1325",0.683643037393898
"2021_1268_1326",0.313374627208075
"2021_1268_1328",0.440926818077541
"2021_1268_1329",0.441844459738472
"2021_1268_1331",0.820371644872677
"2021_1268_1332",0.48428538655655
"2021_1268_1333",0.708419362239046
"2021_1268_1345",0.39504473503097
"2021_1268_1353",0.506538196834136
"2021_1268_1361",0.30328056893783
"2021_1268_1364",0.749942647396192
"2021_1268_1382",0.357880247763248
"2021_1268_1393",0.492544161504932
"2021_1268_1397",0.333562743748566
"2021_1268_1400",0.35558614361092
"2021_1268_1403",0.334250974994265
"2021_1268_1411",0.95732966276669
"2021_1268_1417",0.576278963064923
"2021_1268_1422",0.750172057811425
"2021_1268_1425",0.37164487267722
"2021_1268_1429",0.372562514338151
"2021_1268_1433",0.493461803165864
"2021_1268_1437",0.386556549667355
"2021_1268_1438",0.388850653819683
"2021_1268_1439",0.495297086487727
"2021_1268_1452",0.388162422573985
"2021_1268_1455",0.869006652902042
"2021_1268_1457",0.680660701995871
"2021_1268_1458",0.404221151640284
"2021_1276_1277",0.877265427850424
"2021_1276_1281",0.791465932553338
"2021_1276_1287",0.964441385638908
"2021_1276_1291",0.983711860518467
"2021_1276_1313",0.98715301674696
"2021_1276_1314",0.690066529020418
"2021_1276_1317",0.873136040376233
"2021_1276_1325",0.889424179857766
"2021_1276_1326",0.613902271163111
"2021_1276_1328",0.739848589125946
"2021_1276_1329",0.740307409956412
"2021_1276_1331",0.954806148199128
"2021_1276_1332",0.771736636843313
"2021_1276_1333",0.902271163110805
"2021_1276_1345",0.697637072723102
"2021_1276_1353",0.78596008258775
"2021_1276_1361",0.60495526496903
"2021_1276_1364",0.924982794218858
"2021_1276_1382",0.657949070887818
"2021_1276_1393",0.776095434732737
"2021_1276_1397",0.635237439779766
"2021_1276_1400",0.65404909382886
"2021_1276_1403",0.635466850194999
"2021_1276_1411",0.991511814636384
"2021_1276_1417",0.83665978435421
"2021_1276_1422",0.924982794218858
"2021_1276_1425",0.671025464556091
"2021_1276_1429",0.672631337462721
"2021_1276_1433",0.778848359715531
"2021_1276_1437",0.685248910300528
"2021_1276_1438",0.686854783207158
"2021_1276_1439",0.779307180545997
"2021_1276_1452",0.686625372791925
"2021_1276_1455",0.973388391832989
"2021_1276_1457",0.887818306951136
"2021_1276_1458",0.707042899747649
"2021_1277_1281",0.381509520532232
"2021_1277_1287",0.749942647396192
"2021_1277_1291",0.840559761413168
"2021_1277_1313",0.867630190410645
"2021_1277_1314",0.247075017205781
"2021_1277_1317",0.501261757283781
"2021_1277_1325",0.534755677907777
"2021_1277_1326",0.191098875888965
"2021_1277_1328",0.300527643955036
"2021_1277_1329",0.301904106446433
"2021_1277_1331",0.715760495526497
"2021_1277_1332",0.343197981188346
"2021_1277_1333",0.562973158981418
"2021_1277_1345",0.253727919247534
"2021_1277_1353",0.37164487267722
"2021_1277_1361",0.185134205092911
"2021_1277_1364",0.615508144069741
"2021_1277_1382",0.222298692360633
"2021_1277_1393",0.355127322780454
"2021_1277_1397",0.205781142463868
"2021_1277_1400",0.217939894471209
"2021_1277_1403",0.206469373709566
"2021_1277_1411",0.910071117228722
"2021_1277_1417",0.432668043129158
"2021_1277_1422",0.616196375315439
"2021_1277_1425",0.231016288139482
"2021_1277_1429",0.23170451938518
"2021_1277_1433",0.35719201651755
"2021_1277_1437",0.241569167240193
"2021_1277_1438",0.243633860977288
"2021_1277_1439",0.357880247763248
"2021_1277_1452",0.243175040146823
"2021_1277_1455",0.778848359715531
"2021_1277_1457",0.531085111264051
"2021_1277_1458",0.264051387933012
"2021_1281_1287",0.849277357192016
"2021_1281_1291",0.908465244322092
"2021_1281_1313",0.930718054599679
"2021_1281_1314",0.386556549667355
"2021_1281_1317",0.643266804312916
"2021_1281_1325",0.679284239504473
"2021_1281_1326",0.30809818765772
"2021_1281_1328",0.435879788942418
"2021_1281_1329",0.436568020188117
"2021_1281_1331",0.816701078228952
"2021_1281_1332",0.478779536590961
"2021_1281_1333",0.705207616425786
"2021_1281_1345",0.390915347556779
"2021_1281_1353",0.500573526038082
"2021_1281_1361",0.298692360633173
"2021_1281_1364",0.745583849506768
"2021_1281_1382",0.35398027070429
"2021_1281_1393",0.487955953200275
"2021_1281_1397",0.328745125028676
"2021_1281_1400",0.3491626519844
"2021_1281_1403",0.328974535443909
"2021_1281_1411",0.955494379444827
"2021_1281_1417",0.56962606102317
"2021_1281_1422",0.746501491167699
"2021_1281_1425",0.364991970635467
"2021_1281_1429",0.365680201881165
"2021_1281_1433",0.489791236522138
"2021_1281_1437",0.381738930947465
"2021_1281_1438",0.384033035099794
"2021_1281_1439",0.490938288598302
"2021_1281_1452",0.383574214269328
"2021_1281_1455",0.866941959164946
"2021_1281_1457",0.676301904106446
"2021_1281_1458",0.398485891259463
"2021_1287_1291",0.639137416838724
"2021_1287_1313",0.692360633172746
"2021_1287_1314",0.103464097270016
"2021_1287_1317",0.259463179628355
"2021_1287_1325",0.291351227345721
"2021_1287_1326",0.0777701307639367
"2021_1287_1328",0.127781601284698
"2021_1287_1329",0.127781601284698
"2021_1287_1331",0.469373709566414
"2021_1287_1332",0.147969717825189
"2021_1287_1333",0.320256939665061
"2021_1287_1345",0.106905253498509
"2021_1287_1353",0.159440238586832
"2021_1287_1361",0.0745583849506768
"2021_1287_1364",0.375544849736178
"2021_1287_1382",0.0922229869236063
"2021_1287_1393",0.152557926129846
"2021_1287_1397",0.0832759807295251
"2021_1287_1400",0.0908465244322092
"2021_1287_1403",0.0832759807295251
"2021_1287_1411",0.765542555632026
"2021_1287_1417",0.204404679972471
"2021_1287_1422",0.376462491397109
"2021_1287_1425",0.0961229639825648
"2021_1287_1429",0.0961229639825648
"2021_1287_1433",0.153475567790778
"2021_1287_1437",0.100940582702455
"2021_1287_1438",0.102087634778619
"2021_1287_1439",0.154163799036476
"2021_1287_1452",0.102087634778619
"2021_1287_1455",0.548749713236981
"2021_1287_1457",0.289286533608626
"2021_1287_1458",0.110346409727002
"2021_1291_1313",0.563431979811883
"2021_1291_1314",0.064923147510897
"2021_1291_1317",0.168846065611379
"2021_1291_1325",0.189951823812801
"2021_1291_1326",0.0456526726313375
"2021_1291_1328",0.0791465932553338
"2021_1291_1329",0.0800642349162652
"2021_1291_1331",0.34755677907777
"2021_1291_1332",0.0940582702454691
"2021_1291_1333",0.208304657031429
"2021_1291_1345",0.0658407891718284
"2021_1291_1353",0.102546455609085
"2021_1291_1361",0.0433585684790089
"2021_1291_1364",0.248910300527644
"2021_1291_1382",0.0555173204863501
"2021_1291_1393",0.0970406056434962
"2021_1291_1397",0.0497820601055288
"2021_1291_1400",0.054140857994953
"2021_1291_1403",0.0500114705207616
"2021_1291_1411",0.65565496673549
"2021_1291_1417",0.131452167928424
"2021_1291_1422",0.250057352603808
"2021_1291_1425",0.0580408350539115
"2021_1291_1429",0.0580408350539115
"2021_1291_1433",0.0977288368891948
"2021_1291_1437",0.0614819912824042
"2021_1291_1438",0.0642349162651984
"2021_1291_1439",0.0981876577196605
"2021_1291_1452",0.0640055058499656
"2021_1291_1455",0.426244551502638
"2021_1291_1457",0.188116540490938
"2021_1291_1458",0.0688231245698555
"2021_1313_1314",0.0500114705207616
"2021_1313_1317",0.140399174122505
"2021_1313_1325",0.156687313604038
"2021_1313_1326",0.0369350768524891
"2021_1313_1328",0.0651525579261299
"2021_1313_1329",0.0651525579261299
"2021_1313_1331",0.292727689837119
"2021_1313_1332",0.0763936682725396
"2021_1313_1333",0.173204863500803
"2021_1313_1345",0.0518467538426245
"2021_1313_1353",0.0830465703142923
"2021_1313_1361",0.035558614361092
"2021_1313_1364",0.207845836200964
"2021_1313_1382",0.0433585684790089
"2021_1313_1393",0.0782289515944024
"2021_1313_1397",0.040146822665749
"2021_1313_1400",0.0426703372333104
"2021_1313_1403",0.040146822665749
"2021_1313_1411",0.602202339986235
"2021_1313_1417",0.108511126405139
"2021_1313_1422",0.207845836200964
"2021_1313_1425",0.0456526726313375
"2021_1313_1429",0.0461114934618032
"2021_1313_1433",0.080293645331498
"2021_1313_1437",0.0490938288598302
"2021_1313_1438",0.0495526496902959
"2021_1313_1439",0.0805230557467309
"2021_1313_1452",0.0490938288598302
"2021_1313_1455",0.380591878871301
"2021_1313_1457",0.155081440697408
"2021_1313_1458",0.0543702684101858
"2021_1314_1317",0.762789630649231
"2021_1314_1325",0.782518926359257
"2021_1314_1326",0.437026841018582
"2021_1314_1328",0.566643725625143
"2021_1314_1329",0.568020188116541
"2021_1314_1331",0.890341821518697
"2021_1314_1332",0.611149346180317
"2021_1314_1333",0.802018811654049
"2021_1314_1345",0.519155769671943
"2021_1314_1353",0.635696260610232
"2021_1314_1361",0.42716219316357
"2021_1314_1364",0.842624455150264
"2021_1314_1382",0.479926588667126
"2021_1314_1393",0.621931635696261
"2021_1314_1397",0.458820830465703
"2021_1314_1400",0.475797201192934
"2021_1314_1403",0.459050240880936
"2021_1314_1411",0.980270704289975
"2021_1314_1417",0.705437026841019
"2021_1314_1422",0.842624455150264
"2021_1314_1425",0.490479467767837
"2021_1314_1429",0.491626519844001
"2021_1314_1433",0.624455150263822
"2021_1314_1437",0.504702913512273
"2021_1314_1438",0.508602890571232
"2021_1314_1439",0.625143381509521
"2021_1314_1452",0.507914659325533
"2021_1314_1455",0.927506308786419
"2021_1314_1457",0.781601284698325
"2021_1314_1458",0.527873365450791
"2021_1317_1325",0.543243863271393
"2021_1317_1326",0.198210598761184
"2021_1317_1328",0.309474650149117
"2021_1317_1329",0.309933470979582
"2021_1317_1331",0.722642807983482
"2021_1317_1332",0.35558614361092
"2021_1317_1333",0.572149575590732
"2021_1317_1345",0.263363156687314
"2021_1317_1353",0.380821289286534
"2021_1317_1361",0.190410644643267
"2021_1317_1364",0.625831612755219
"2021_1317_1382",0.229181004817619
"2021_1317_1393",0.363844918559303
"2021_1317_1397",0.211516402844689
"2021_1317_1400",0.226198669419592
"2021_1317_1403",0.212204634090388
"2021_1317_1411",0.913053452626749
"2021_1317_1417",0.441615049323239
"2021_1317_1422",0.626290433585685
"2021_1317_1425",0.237439779766001
"2021_1317_1429",0.2381280110117
"2021_1317_1433",0.367286074787795
"2021_1317_1437",0.25097499426474
"2021_1317_1438",0.253039688001835
"2021_1317_1439",0.369350768524891
"2021_1317_1452",0.252351456756137
"2021_1317_1455",0.782977747189722
"2021_1317_1457",0.540490938288598
"2021_1317_1458",0.27437485661849
"2021_1325_1326",0.176416609314063
"2021_1325_1328",0.276898371186052
"2021_1325_1329",0.278274833677449
"2021_1325_1331",0.693278274833677
"2021_1325_1332",0.319109887588897
"2021_1325_1333",0.537738013305804
"2021_1325_1345",0.23491626519844
"2021_1325_1353",0.342968570773113
"2021_1325_1361",0.16976370727231
"2021_1325_1364",0.590731819224593
"2021_1325_1382",0.204404679972471
"2021_1325_1393",0.327368662537279
"2021_1325_1397",0.189493002982335
"2021_1325_1400",0.201192934159211
"2021_1325_1403",0.189951823812801
"2021_1325_1411",0.898141775636614
"2021_1325_1417",0.409956412021106
"2021_1325_1422",0.591420050470291
"2021_1325_1425",0.211516402844689
"2021_1325_1429",0.212434044505621
"2021_1325_1433",0.330350997935306
"2021_1325_1437",0.224592796512962
"2021_1325_1438",0.225969259004359
"2021_1325_1439",0.331727460426703
"2021_1325_1452",0.225510438173893
"2021_1325_1455",0.76347786189493
"2021_1325_1457",0.507914659325533
"2021_1325_1458",0.240422115164028
"2021_1326_1328",0.643496214728149
"2021_1326_1329",0.645560908465244
"2021_1326_1331",0.924294562973159
"2021_1326_1332",0.686854783207158
"2021_1326_1333",0.853406744666208
"2021_1326_1345",0.594861206698784
"2021_1326_1353",0.709795824730443
"2021_1326_1361",0.499885294792384
"2021_1326_1364",0.878641890341821
"2021_1326_1382",0.553796742372104
"2021_1326_1393",0.695342968570773
"2021_1326_1397",0.53016746960312
"2021_1326_1400",0.548520302821748
"2021_1326_1403",0.530626290433586
"2021_1326_1411",0.986694195916495
"2021_1326_1417",0.764624913971094
"2021_1326_1422",0.878871300757054
"2021_1326_1425",0.564349621472815
"2021_1326_1429",0.565037852718513
"2021_1326_1433",0.698095893553567
"2021_1326_1437",0.580637760954347
"2021_1326_1438",0.583390685937141
"2021_1326_1439",0.700160587290663
"2021_1326_1452",0.582931865106676
"2021_1326_1455",0.950676760724937
"2021_1326_1457",0.836200963523744
"2021_1326_1458",0.606102317045194
"2021_1328_1329",0.513420509291122
"2021_1328_1331",0.864189034182152
"2021_1328_1332",0.554255563202569
"2021_1328_1333",0.765542555632026
"2021_1328_1345",0.464785501261757
"2021_1328_1353",0.578802477632484
"2021_1328_1361",0.378756595549438
"2021_1328_1364",0.798807065840789
"2021_1328_1382",0.423721036935077
"2021_1328_1393",0.562743748566185
"2021_1328_1397",0.403532920394586
"2021_1328_1400",0.42073870153705
"2021_1328_1403",0.403991741225052
"2021_1328_1411",0.973388391832989
"2021_1328_1417",0.649460885524203
"2021_1328_1422",0.798807065840789
"2021_1328_1425",0.435879788942418
"2021_1328_1429",0.436338609772884
"2021_1328_1433",0.565496673548979
"2021_1328_1437",0.449644413856389
"2021_1328_1438",0.452856159669649
"2021_1328_1439",0.566873136040376
"2021_1328_1452",0.452397338839183
"2021_1328_1455",0.903188804771737
"2021_1328_1457",0.740995641202111
"2021_1328_1458",0.474420738701537
"2021_1329_1331",0.863730213351686
"2021_1329_1332",0.552879100711172
"2021_1329_1333",0.764624913971094
"2021_1329_1345",0.464097270016059
"2021_1329_1353",0.578114246386786
"2021_1329_1361",0.377838953888507
"2021_1329_1364",0.797889424179858
"2021_1329_1382",0.421197522367516
"2021_1329_1393",0.561137875659555
"2021_1329_1397",0.401238816242257
"2021_1329_1400",0.418674007799954
"2021_1329_1403",0.401927047487956
"2021_1329_1411",0.973388391832989
"2021_1329_1417",0.647855012617573
"2021_1329_1422",0.798118834595091
"2021_1329_1425",0.433815095205322
"2021_1329_1429",0.435191557696719
"2021_1329_1433",0.564120211057582
"2021_1329_1437",0.448497361780225
"2021_1329_1438",0.45216792842395
"2021_1329_1439",0.565496673548979
"2021_1329_1452",0.450791465932553
"2021_1329_1455",0.902729983941271
"2021_1329_1457",0.740536820371645
"2021_1329_1458",0.473503097040606
"2021_1331_1332",0.172287221839872
"2021_1331_1333",0.367286074787795
"2021_1331_1345",0.126634549208534
"2021_1331_1353",0.188116540490938
"2021_1331_1361",0.0887818306951136
"2021_1331_1364",0.413397568249599
"2021_1331_1382",0.108281715989906
"2021_1331_1393",0.178481303051159
"2021_1331_1397",0.0991052993805919
"2021_1331_1400",0.106905253498509
"2021_1331_1403",0.0993347097958247
"2021_1331_1411",0.792842395044735
"2021_1331_1417",0.236980958935536
"2021_1331_1422",0.413397568249599
"2021_1331_1425",0.112411103464097
"2021_1331_1429",0.11264051387933
"2021_1331_1433",0.17939894471209
"2021_1331_1437",0.119981647166781
"2021_1331_1438",0.121587520073411
"2021_1331_1439",0.180545996788254
"2021_1331_1452",0.121358109658178
"2021_1331_1455",0.59532002752925
"2021_1331_1457",0.332186281257169
"2021_1331_1458",0.129616884606561
"2021_1332_1333",0.733195687084194
"2021_1332_1345",0.42073870153705
"2021_1332_1353",0.534067446662079
"2021_1332_1361",0.330809818765772
"2021_1332_1364",0.772195457673778
"2021_1332_1382",0.387703601743519
"2021_1332_1393",0.519614590502409
"2021_1332_1397",0.364991970635467
"2021_1332_1400",0.384721266345492
"2021_1332_1403",0.365450791465933
"2021_1332_1411",0.963294333562744
"2021_1332_1417",0.606102317045194
"2021_1332_1422",0.772195457673778
"2021_1332_1425",0.394356503785272
"2021_1332_1429",0.394815324615738
"2021_1332_1433",0.521908694654737
"2021_1332_1437",0.409727001605873
"2021_1332_1438",0.412021105758201
"2021_1332_1439",0.523055746730902
"2021_1332_1452",0.411791695342969
"2021_1332_1455",0.883688919476944
"2021_1332_1457",0.706813489332416
"2021_1332_1458",0.431520991052994
"2021_1333_1345",0.212663454920853
"2021_1333_1353",0.31452167928424
"2021_1333_1361",0.153475567790778
"2021_1333_1364",0.562743748566185
"2021_1333_1382",0.185593025923377
"2021_1333_1393",0.300527643955036
"2021_1333_1397",0.171828401009406
"2021_1333_1400",0.183069511355816
"2021_1333_1403",0.172287221839872
"2021_1333_1411",0.88575361321404
"2021_1333_1417",0.387015370497821
"2021_1333_1422",0.562743748566185
"2021_1333_1425",0.193163569626061
"2021_1333_1429",0.194081211286992
"2021_1333_1433",0.302821748107364
"2021_1333_1437",0.203716448726772
"2021_1333_1438",0.205781142463868
"2021_1333_1439",0.303968800183528
"2021_1333_1452",0.205322321633402
"2021_1333_1455",0.740536820371645
"2021_1333_1457",0.481303051158523
"2021_1333_1458",0.220692819454003
"2021_1345_1353",0.627896306492315
"2021_1345_1361",0.418674007799954
"2021_1345_1364",0.835742142693278
"2021_1345_1382",0.47304427621014
"2021_1345_1393",0.611837577426015
"2021_1345_1397",0.448726772195458
"2021_1345_1400",0.469373709566414
"2021_1345_1403",0.448956182610691
"2021_1345_1411",0.97912365221381
"2021_1345_1417",0.695572378986006
"2021_1345_1422",0.836200963523744
"2021_1345_1425",0.484055976141317
"2021_1345_1429",0.48428538655655
"2021_1345_1433",0.614361091993576
"2021_1345_1437",0.496902959394357
"2021_1345_1438",0.498738242716219
"2021_1345_1439",0.615278733654508
"2021_1345_1452",0.498279421885754
"2021_1345_1455",0.924523973388392
"2021_1345_1457",0.776095434732737
"2021_1345_1458",0.52053223216334
"2021_1353_1361",0.307180545996788
"2021_1353_1364",0.754530855700849
"2021_1353_1382",0.363386097728837
"2021_1353_1393",0.495297086487727
"2021_1353_1397",0.33792154163799
"2021_1353_1400",0.357880247763248
"2021_1353_1403",0.338150952053223
"2021_1353_1411",0.95893553567332
"2021_1353_1417",0.579949529708649
"2021_1353_1422",0.754760266116082
"2021_1353_1425",0.376462491397109
"2021_1353_1429",0.377380133058041
"2021_1353_1433",0.497591190640055
"2021_1353_1437",0.389309474650149
"2021_1353_1438",0.390227116311081
"2021_1353_1439",0.498967653131452
"2021_1353_1452",0.390227116311081
"2021_1353_1455",0.871071346639137
"2021_1353_1457",0.684101858224363
"2021_1353_1458",0.409268180775407
"2021_1361_1364",0.883918329892177
"2021_1361_1382",0.563431979811883
"2021_1361_1393",0.706813489332416
"2021_1361_1397",0.540949759119064
"2021_1361_1400",0.560679054829089
"2021_1361_1403",0.541179169534297
"2021_1361_1411",0.98715301674696
"2021_1361_1417",0.772424868089011
"2021_1361_1422",0.88414774030741
"2021_1361_1425",0.576278963064923
"2021_1361_1429",0.576967194310622
"2021_1361_1433",0.708419362239046
"2021_1361_1437",0.590731819224593
"2021_1361_1438",0.594631796283551
"2021_1361_1439",0.709337003899977
"2021_1361_1452",0.594172975453086
"2021_1361_1455",0.953200275292498
"2021_1361_1457",0.845147969717825
"2021_1361_1458",0.614590502408809
"2021_1364_1382",0.154163799036476
"2021_1364_1393",0.25097499426474
"2021_1364_1397",0.144069740766231
"2021_1364_1400",0.152787336545079
"2021_1364_1403",0.144069740766231
"2021_1364_1411",0.860289057123193
"2021_1364_1417",0.331498050011471
"2021_1364_1422",0.511814636384492
"2021_1364_1425",0.159440238586832
"2021_1364_1429",0.159899059417298
"2021_1364_1433",0.253039688001835
"2021_1364_1437",0.16976370727231
"2021_1364_1438",0.171598990594173
"2021_1364_1439",0.253498508832301
"2021_1364_1452",0.171140169763707
"2021_1364_1455",0.696031199816472
"2021_1364_1457",0.43037393897683
"2021_1364_1458",0.184675384262446
"2021_1382_1393",0.653590272998394
"2021_1382_1397",0.489332415691672
"2021_1382_1400",0.507226428079835
"2021_1382_1403",0.490020646937371
"2021_1382_1411",0.983482450103235
"2021_1382_1417",0.732507455838495
"2021_1382_1422",0.858224363386098
"2021_1382_1425",0.521679284239504
"2021_1382_1429",0.521908694654737
"2021_1382_1433",0.656343197981188
"2021_1382_1437",0.53659096122964
"2021_1382_1438",0.539573296627667
"2021_1382_1439",0.657490250057353
"2021_1382_1452",0.539343886212434
"2021_1382_1455",0.938747419132829
"2021_1382_1457",0.802936453314981
"2021_1382_1458",0.560679054829089
"2021_1393_1397",0.355815554026153
"2021_1393_1400",0.376462491397109
"2021_1393_1403",0.356274374856619
"2021_1393_1411",0.962376691901812
"2021_1393_1417",0.596008258774948
"2021_1393_1422",0.765542555632026
"2021_1393_1425",0.389309474650149
"2021_1393_1429",0.389768295480615
"2021_1393_1433",0.515255792612985
"2021_1393_1437",0.399403532920395
"2021_1393_1438",0.402615278733654
"2021_1393_1439",0.515944023858683
"2021_1393_1452",0.402385868318422
"2021_1393_1455",0.879100711172287
"2021_1393_1457",0.697637072723102
"2021_1393_1458",0.421197522367516
"2021_1397_1400",0.528332186281257
"2021_1397_1403",0.512044046799725
"2021_1397_1411",0.98554714384033
"2021_1397_1417",0.749254416150493
"2021_1397_1422",0.868777242486809
"2021_1397_1425",0.543473273686625
"2021_1397_1429",0.543702684101858
"2021_1397_1433",0.680660701995871
"2021_1397_1437",0.559990823583391
"2021_1397_1438",0.562743748566185
"2021_1397_1439",0.682266574902501
"2021_1397_1452",0.562055517320486
"2021_1397_1455",0.945629731589814
"2021_1397_1457",0.818765771966047
"2021_1397_1458",0.58407891718284
"2021_1400_1403",0.493002982335398
"2021_1400_1411",0.9839412709337
"2021_1400_1417",0.735260380821289
"2021_1400_1422",0.860289057123193
"2021_1400_1425",0.524432209222299
"2021_1400_1429",0.525808671713696
"2021_1400_1433",0.659325533379215
"2021_1400_1437",0.540490938288598
"2021_1400_1438",0.543243863271393
"2021_1400_1439",0.661849047946777
"2021_1400_1452",0.541867400779995
"2021_1400_1455",0.93966506079376
"2021_1400_1457",0.805230557467309
"2021_1400_1458",0.564579031888048
"2021_1403_1411",0.98554714384033
"2021_1403_1417",0.748566184904795
"2021_1403_1422",0.868547832071576
"2021_1403_1425",0.542555632025694
"2021_1403_1429",0.543473273686625
"2021_1403_1433",0.680201881165405
"2021_1403_1437",0.559532002752925
"2021_1403_1438",0.561596696490021
"2021_1403_1439",0.681578343656802
"2021_1403_1452",0.561137875659555
"2021_1403_1455",0.945170910759348
"2021_1403_1457",0.818536361550814
"2021_1403_1458",0.583161275521909
"2021_1411_1417",0.077311309933471
"2021_1411_1422",0.152787336545079
"2021_1411_1425",0.0321174581325992
"2021_1411_1429",0.0321174581325992
"2021_1411_1433",0.0555173204863501
"2021_1411_1437",0.0344115622849277
"2021_1411_1438",0.0348703831153934
"2021_1411_1439",0.0557467309015829
"2021_1411_1452",0.0348703831153934
"2021_1411_1455",0.287680660701996
"2021_1411_1457",0.11264051387933
"2021_1411_1458",0.0378527185134205
"2021_1417_1422",0.696948841477403
"2021_1417_1425",0.30328056893783
"2021_1417_1429",0.303968800183528
"2021_1417_1433",0.431750401468227
"2021_1417_1437",0.318421656343198
"2021_1417_1438",0.321174581325992
"2021_1417_1439",0.433126863959624
"2021_1417_1452",0.320715760495526
"2021_1417_1455",0.835742142693278
"2021_1417_1457",0.613214039917412
"2021_1417_1458",0.342509749942647
"2021_1422_1425",0.159440238586832
"2021_1422_1429",0.159440238586832
"2021_1422_1433",0.253039688001835
"2021_1422_1437",0.16976370727231
"2021_1422_1438",0.171140169763707
"2021_1422_1439",0.253039688001835
"2021_1422_1452",0.170910759348474
"2021_1422_1455",0.695572378986006
"2021_1422_1457",0.43037393897683
"2021_1422_1458",0.184675384262446
"2021_1425_1429",0.512732278045423
"2021_1425_1433",0.645102087634779
"2021_1425_1437",0.524432209222299
"2021_1425_1438",0.527873365450791
"2021_1425_1439",0.646478550126176
"2021_1425_1452",0.527643955035559
"2021_1425_1455",0.935306262904336
"2021_1425_1457",0.793989447120899
"2021_1425_1458",0.548520302821748
"2021_1429_1433",0.643955035558614
"2021_1429_1437",0.524432209222299
"2021_1429_1438",0.527643955035559
"2021_1429_1439",0.645790318880477
"2021_1429_1452",0.527185134205093
"2021_1429_1455",0.934618031658637
"2021_1429_1457",0.793530626290434
"2021_1429_1458",0.547373250745584
"2021_1433_1437",0.3966506079376
"2021_1433_1438",0.399403532920395
"2021_1433_1439",0.513420509291122
"2021_1433_1452",0.399174122505162
"2021_1433_1455",0.877265427850424
"2021_1433_1457",0.695342968570773
"2021_1433_1458",0.419821059876118
"2021_1437_1438",0.515026382197752
"2021_1437_1439",0.630649231475109
"2021_1437_1452",0.514796971782519
"2021_1437_1455",0.929571002523515
"2021_1437_1457",0.783895388850654
"2021_1437_1458",0.533608625831613
"2021_1438_1439",0.627896306492315
"2021_1438_1452",0.511126405138793
"2021_1438_1455",0.929112181693049
"2021_1438_1457",0.782289515944024
"2021_1438_1458",0.530626290433586
"2021_1439_1452",0.397568249598532
"2021_1439_1455",0.875659554943794
"2021_1439_1457",0.693966506079376
"2021_1439_1458",0.417985776554256
"2021_1452_1455",0.929112181693049
"2021_1452_1457",0.782518926359257
"2021_1452_1458",0.530855700848819
"2021_1455_1457",0.251204404679972
"2021_1455_1458",0.0956641431520991
"2021_1457_1458",0.243175040146823
